DateUtil.java,com.mozilla.util.DateUtil,org.pitest.mutationtest.engine.gregor.mutators.ReturnValsMutator,getEndTimeAtResolution,85,KILLED,com.mozilla.util.DateUtilTest.testEndTimeAtResolution(com.mozilla.util.DateUtilTest)
DateUtil.java,com.mozilla.util.DateUtil,org.pitest.mutationtest.engine.gregor.mutators.VoidMethodCallMutator,getEndTimeAtResolution,70,KILLED,com.mozilla.util.DateUtilTest.testEndTimeAtResolution(com.mozilla.util.DateUtilTest)
DateUtil.java,com.mozilla.util.DateUtil,org.pitest.mutationtest.engine.gregor.mutators.VoidMethodCallMutator,getEndTimeAtResolution,74,KILLED,com.mozilla.util.DateUtilTest.testEndTimeAtResolution(com.mozilla.util.DateUtilTest)
DateUtil.java,com.mozilla.util.DateUtil,org.pitest.mutationtest.engine.gregor.mutators.VoidMethodCallMutator,getEndTimeAtResolution,76,KILLED,com.mozilla.util.DateUtilTest.testEndTimeAtResolution(com.mozilla.util.DateUtilTest)
DateUtil.java,com.mozilla.util.DateUtil,org.pitest.mutationtest.engine.gregor.mutators.VoidMethodCallMutator,getEndTimeAtResolution,78,KILLED,com.mozilla.util.DateUtilTest.testEndTimeAtResolution(com.mozilla.util.DateUtilTest)
DateUtil.java,com.mozilla.util.DateUtil,org.pitest.mutationtest.engine.gregor.mutators.VoidMethodCallMutator,getEndTimeAtResolution,80,KILLED,com.mozilla.util.DateUtilTest.testEndTimeAtResolution(com.mozilla.util.DateUtilTest)
DateUtil.java,com.mozilla.util.DateUtil,org.pitest.mutationtest.engine.gregor.mutators.ReturnValsMutator,getTimeAtResolution,59,KILLED,com.mozilla.util.DateUtilTest.testTimeAtResolution(com.mozilla.util.DateUtilTest)
DateUtil.java,com.mozilla.util.DateUtil,org.pitest.mutationtest.engine.gregor.mutators.VoidMethodCallMutator,getTimeAtResolution,44,KILLED,com.mozilla.util.DateUtilTest.testTimeAtResolution(com.mozilla.util.DateUtilTest)
DateUtil.java,com.mozilla.util.DateUtil,org.pitest.mutationtest.engine.gregor.mutators.VoidMethodCallMutator,getTimeAtResolution,48,KILLED,com.mozilla.util.DateUtilTest.testTimeAtResolution(com.mozilla.util.DateUtilTest)
DateUtil.java,com.mozilla.util.DateUtil,org.pitest.mutationtest.engine.gregor.mutators.VoidMethodCallMutator,getTimeAtResolution,50,KILLED,com.mozilla.util.DateUtilTest.testTimeAtResolution(com.mozilla.util.DateUtilTest)
DateUtil.java,com.mozilla.util.DateUtil,org.pitest.mutationtest.engine.gregor.mutators.VoidMethodCallMutator,getTimeAtResolution,52,KILLED,com.mozilla.util.DateUtilTest.testTimeAtResolution(com.mozilla.util.DateUtilTest)
DateUtil.java,com.mozilla.util.DateUtil,org.pitest.mutationtest.engine.gregor.mutators.VoidMethodCallMutator,getTimeAtResolution,54,KILLED,com.mozilla.util.DateUtilTest.testTimeAtResolution(com.mozilla.util.DateUtilTest)
DateUtil.java,com.mozilla.util.DateUtil,org.pitest.mutationtest.engine.gregor.mutators.MathMutator,getTimeDelta,99,KILLED,com.mozilla.pig.eval.date.TimeDeltaTest.testExec2(com.mozilla.pig.eval.date.TimeDeltaTest)
DateUtil.java,com.mozilla.util.DateUtil,org.pitest.mutationtest.engine.gregor.mutators.MathMutator,getTimeDelta,99,KILLED,com.mozilla.pig.eval.date.TimeDeltaTest.testExec2(com.mozilla.pig.eval.date.TimeDeltaTest)
DateUtil.java,com.mozilla.util.DateUtil,org.pitest.mutationtest.engine.gregor.mutators.MathMutator,getTimeDelta,102,KILLED,com.mozilla.util.DateUtilTest.testTimeDelta(com.mozilla.util.DateUtilTest)
DateUtil.java,com.mozilla.util.DateUtil,org.pitest.mutationtest.engine.gregor.mutators.MathMutator,getTimeDelta,102,KILLED,com.mozilla.util.DateUtilTest.testTimeDelta(com.mozilla.util.DateUtilTest)
DateUtil.java,com.mozilla.util.DateUtil,org.pitest.mutationtest.engine.gregor.mutators.MathMutator,getTimeDelta,107,NO_COVERAGE,none
DateUtil.java,com.mozilla.util.DateUtil,org.pitest.mutationtest.engine.gregor.mutators.ReturnValsMutator,getTimeDelta,111,KILLED,com.mozilla.util.DateUtilTest.testTimeDelta(com.mozilla.util.DateUtilTest)
DateUtil.java,com.mozilla.util.DateUtil,org.pitest.mutationtest.engine.gregor.mutators.VoidMethodCallMutator,iterateByDay,140,KILLED,com.mozilla.util.DateUtilTest.testIterateByDay(com.mozilla.util.DateUtilTest)
DateUtil.java,com.mozilla.util.DateUtil,org.pitest.mutationtest.engine.gregor.mutators.NegateConditionalsMutator,iterateByTime,127,KILLED,com.mozilla.util.DateUtilTest.testIterateByHour(com.mozilla.util.DateUtilTest)
DateUtil.java,com.mozilla.util.DateUtil,org.pitest.mutationtest.engine.gregor.mutators.VoidMethodCallMutator,iterateByTime,124,KILLED,com.mozilla.util.DateUtilTest.testIterateByHour(com.mozilla.util.DateUtilTest)
DateUtil.java,com.mozilla.util.DateUtil,org.pitest.mutationtest.engine.gregor.mutators.VoidMethodCallMutator,iterateByTime,126,KILLED,com.mozilla.util.DateUtilTest.testIterateByHour(com.mozilla.util.DateUtilTest)
DateUtil.java,com.mozilla.util.DateUtil,org.pitest.mutationtest.engine.gregor.mutators.VoidMethodCallMutator,iterateByTime,128,KILLED,com.mozilla.util.DateUtilTest.testIterateByHour(com.mozilla.util.DateUtilTest)
DateUtil.java,com.mozilla.util.DateUtil,org.pitest.mutationtest.engine.gregor.mutators.VoidMethodCallMutator,iterateByTime,129,TIMED_OUT,none
JsonMap.java,com.mozilla.pig.eval.json.JsonMap,org.pitest.mutationtest.engine.gregor.mutators.ConditionalsBoundaryMutator,convertListToBag,67,SURVIVED,none
JsonMap.java,com.mozilla.pig.eval.json.JsonMap,org.pitest.mutationtest.engine.gregor.mutators.NegateConditionalsMutator,convertListToBag,60,KILLED,com.mozilla.pig.eval.json.JsonMapTest.testExec2(com.mozilla.pig.eval.json.JsonMapTest)
JsonMap.java,com.mozilla.pig.eval.json.JsonMap,org.pitest.mutationtest.engine.gregor.mutators.NegateConditionalsMutator,convertListToBag,67,SURVIVED,none
JsonMap.java,com.mozilla.pig.eval.json.JsonMap,org.pitest.mutationtest.engine.gregor.mutators.ReturnValsMutator,convertListToBag,71,SURVIVED,none
JsonMap.java,com.mozilla.pig.eval.json.JsonMap,org.pitest.mutationtest.engine.gregor.mutators.VoidMethodCallMutator,convertListToBag,61,NO_COVERAGE,none
JsonMap.java,com.mozilla.pig.eval.json.JsonMap,org.pitest.mutationtest.engine.gregor.mutators.VoidMethodCallMutator,convertListToBag,63,SURVIVED,none
JsonMap.java,com.mozilla.pig.eval.json.JsonMap,org.pitest.mutationtest.engine.gregor.mutators.VoidMethodCallMutator,convertListToBag,68,SURVIVED,none
JsonMap.java,com.mozilla.pig.eval.json.JsonMap,org.pitest.mutationtest.engine.gregor.mutators.NegateConditionalsMutator,exec,100,KILLED,com.mozilla.pig.eval.json.JsonMapTest.testExec2(com.mozilla.pig.eval.json.JsonMapTest)
JsonMap.java,com.mozilla.pig.eval.json.JsonMap,org.pitest.mutationtest.engine.gregor.mutators.NegateConditionalsMutator,exec,100,KILLED,com.mozilla.pig.eval.json.JsonMapTest.testExec2(com.mozilla.pig.eval.json.JsonMapTest)
JsonMap.java,com.mozilla.pig.eval.json.JsonMap,org.pitest.mutationtest.engine.gregor.mutators.ReturnValsMutator,exec,101,NO_COVERAGE,none
JsonMap.java,com.mozilla.pig.eval.json.JsonMap,org.pitest.mutationtest.engine.gregor.mutators.ReturnValsMutator,exec,107,KILLED,com.mozilla.pig.eval.json.JsonMapTest.testExec2(com.mozilla.pig.eval.json.JsonMapTest)
JsonMap.java,com.mozilla.pig.eval.json.JsonMap,org.pitest.mutationtest.engine.gregor.mutators.ReturnValsMutator,exec,118,NO_COVERAGE,none
JsonMap.java,com.mozilla.pig.eval.json.JsonMap,org.pitest.mutationtest.engine.gregor.mutators.VoidMethodCallMutator,exec,109,NO_COVERAGE,none
JsonMap.java,com.mozilla.pig.eval.json.JsonMap,org.pitest.mutationtest.engine.gregor.mutators.VoidMethodCallMutator,exec,111,NO_COVERAGE,none
JsonMap.java,com.mozilla.pig.eval.json.JsonMap,org.pitest.mutationtest.engine.gregor.mutators.VoidMethodCallMutator,exec,113,NO_COVERAGE,none
JsonMap.java,com.mozilla.pig.eval.json.JsonMap,org.pitest.mutationtest.engine.gregor.mutators.VoidMethodCallMutator,exec,115,NO_COVERAGE,none
JsonMap.java,com.mozilla.pig.eval.json.JsonMap,org.pitest.mutationtest.engine.gregor.mutators.NegateConditionalsMutator,makeSafe,85,SURVIVED,none
JsonMap.java,com.mozilla.pig.eval.json.JsonMap,org.pitest.mutationtest.engine.gregor.mutators.NegateConditionalsMutator,makeSafe,85,KILLED,com.mozilla.pig.eval.json.JsonMapTest.testExec2(com.mozilla.pig.eval.json.JsonMapTest)
JsonMap.java,com.mozilla.pig.eval.json.JsonMap,org.pitest.mutationtest.engine.gregor.mutators.NegateConditionalsMutator,makeSafe,88,SURVIVED,none
JsonMap.java,com.mozilla.pig.eval.json.JsonMap,org.pitest.mutationtest.engine.gregor.mutators.NegateConditionalsMutator,makeSafe,88,KILLED,com.mozilla.pig.eval.json.JsonMapTest.testExec2(com.mozilla.pig.eval.json.JsonMapTest)
JsonMap.java,com.mozilla.pig.eval.json.JsonMap,org.pitest.mutationtest.engine.gregor.mutators.ReturnValsMutator,makeSafe,95,KILLED,com.mozilla.pig.eval.json.JsonMapTest.testExec2(com.mozilla.pig.eval.json.JsonMapTest)
StringUtil.java,com.mozilla.util.StringUtil,org.pitest.mutationtest.engine.gregor.mutators.NegateConditionalsMutator,isBlank,26,NO_COVERAGE,none
StringUtil.java,com.mozilla.util.StringUtil,org.pitest.mutationtest.engine.gregor.mutators.NegateConditionalsMutator,isBlank,26,NO_COVERAGE,none
StringUtil.java,com.mozilla.util.StringUtil,org.pitest.mutationtest.engine.gregor.mutators.NegateConditionalsMutator,isBlank,26,NO_COVERAGE,none
StringUtil.java,com.mozilla.util.StringUtil,org.pitest.mutationtest.engine.gregor.mutators.ReturnValsMutator,isBlank,26,NO_COVERAGE,none
StringUtil.java,com.mozilla.util.StringUtil,org.pitest.mutationtest.engine.gregor.mutators.ConditionalsBoundaryMutator,join,36,KILLED,com.mozilla.util.StringUtilTest.testJoin(com.mozilla.util.StringUtilTest)
StringUtil.java,com.mozilla.util.StringUtil,org.pitest.mutationtest.engine.gregor.mutators.NegateConditionalsMutator,join,30,KILLED,com.mozilla.util.StringUtilTest.testJoin(com.mozilla.util.StringUtilTest)
StringUtil.java,com.mozilla.util.StringUtil,org.pitest.mutationtest.engine.gregor.mutators.NegateConditionalsMutator,join,32,KILLED,com.mozilla.util.StringUtilTest.testJoin(com.mozilla.util.StringUtilTest)
StringUtil.java,com.mozilla.util.StringUtil,org.pitest.mutationtest.engine.gregor.mutators.NegateConditionalsMutator,join,36,KILLED,com.mozilla.util.StringUtilTest.testJoin(com.mozilla.util.StringUtilTest)
StringUtil.java,com.mozilla.util.StringUtil,org.pitest.mutationtest.engine.gregor.mutators.ReturnValsMutator,join,31,KILLED,com.mozilla.util.StringUtilTest.testJoin(com.mozilla.util.StringUtilTest)
StringUtil.java,com.mozilla.util.StringUtil,org.pitest.mutationtest.engine.gregor.mutators.ReturnValsMutator,join,33,KILLED,com.mozilla.util.StringUtilTest.testJoin(com.mozilla.util.StringUtilTest)
StringUtil.java,com.mozilla.util.StringUtil,org.pitest.mutationtest.engine.gregor.mutators.ReturnValsMutator,join,40,KILLED,com.mozilla.util.StringUtilTest.testJoin(com.mozilla.util.StringUtilTest)
TimeDelta.java,com.mozilla.pig.eval.date.TimeDelta,org.pitest.mutationtest.engine.gregor.mutators.NegateConditionalsMutator,<init>,53,KILLED,com.mozilla.pig.eval.date.TimeDeltaTest.testExec2(com.mozilla.pig.eval.date.TimeDeltaTest)
TimeDelta.java,com.mozilla.pig.eval.date.TimeDelta,org.pitest.mutationtest.engine.gregor.mutators.ConditionalsBoundaryMutator,exec,61,KILLED,com.mozilla.pig.eval.date.TimeDeltaTest.testExec2(com.mozilla.pig.eval.date.TimeDeltaTest)
TimeDelta.java,com.mozilla.pig.eval.date.TimeDelta,org.pitest.mutationtest.engine.gregor.mutators.NegateConditionalsMutator,exec,61,KILLED,com.mozilla.pig.eval.date.TimeDeltaTest.testExec1(com.mozilla.pig.eval.date.TimeDeltaTest)
TimeDelta.java,com.mozilla.pig.eval.date.TimeDelta,org.pitest.mutationtest.engine.gregor.mutators.NegateConditionalsMutator,exec,61,KILLED,com.mozilla.pig.eval.date.TimeDeltaTest.testExec2(com.mozilla.pig.eval.date.TimeDeltaTest)
TimeDelta.java,com.mozilla.pig.eval.date.TimeDelta,org.pitest.mutationtest.engine.gregor.mutators.NegateConditionalsMutator,exec,62,KILLED,com.mozilla.pig.eval.date.TimeDeltaTest.testExec2(com.mozilla.pig.eval.date.TimeDeltaTest)
TimeDelta.java,com.mozilla.pig.eval.date.TimeDelta,org.pitest.mutationtest.engine.gregor.mutators.NegateConditionalsMutator,exec,62,KILLED,com.mozilla.pig.eval.date.TimeDeltaTest.testExec2(com.mozilla.pig.eval.date.TimeDeltaTest)
TimeDelta.java,com.mozilla.pig.eval.date.TimeDelta,org.pitest.mutationtest.engine.gregor.mutators.NegateConditionalsMutator,exec,67,KILLED,com.mozilla.pig.eval.date.TimeDeltaTest.testExec2(com.mozilla.pig.eval.date.TimeDeltaTest)
TimeDelta.java,com.mozilla.pig.eval.date.TimeDelta,org.pitest.mutationtest.engine.gregor.mutators.ReturnValsMutator,exec,63,KILLED,com.mozilla.pig.eval.date.TimeDeltaTest.testExec1(com.mozilla.pig.eval.date.TimeDeltaTest)
TimeDelta.java,com.mozilla.pig.eval.date.TimeDelta,org.pitest.mutationtest.engine.gregor.mutators.ReturnValsMutator,exec,81,KILLED,com.mozilla.pig.eval.date.TimeDeltaTest.testExec2(com.mozilla.pig.eval.date.TimeDeltaTest)
TimeDelta.java,com.mozilla.pig.eval.date.TimeDelta,org.pitest.mutationtest.engine.gregor.mutators.VoidMethodCallMutator,exec,73,NO_COVERAGE,none
Contains.java,com.mozilla.pig.filter.tuple.Contains,org.pitest.mutationtest.engine.gregor.mutators.ConditionalsBoundaryMutator,exec,31,KILLED,com.mozilla.pig.filter.tuple.ContainsTest.testExec1(com.mozilla.pig.filter.tuple.ContainsTest)
Contains.java,com.mozilla.pig.filter.tuple.Contains,org.pitest.mutationtest.engine.gregor.mutators.ConditionalsBoundaryMutator,exec,38,SURVIVED,none
Contains.java,com.mozilla.pig.filter.tuple.Contains,org.pitest.mutationtest.engine.gregor.mutators.IncrementsMutator,exec,38,KILLED,com.mozilla.pig.filter.tuple.ContainsTest.testExec1(com.mozilla.pig.filter.tuple.ContainsTest)
Contains.java,com.mozilla.pig.filter.tuple.Contains,org.pitest.mutationtest.engine.gregor.mutators.NegateConditionalsMutator,exec,31,KILLED,com.mozilla.pig.filter.tuple.ContainsTest.testExec1(com.mozilla.pig.filter.tuple.ContainsTest)
Contains.java,com.mozilla.pig.filter.tuple.Contains,org.pitest.mutationtest.engine.gregor.mutators.NegateConditionalsMutator,exec,31,KILLED,com.mozilla.pig.filter.tuple.ContainsTest.testExec1(com.mozilla.pig.filter.tuple.ContainsTest)
Contains.java,com.mozilla.pig.filter.tuple.Contains,org.pitest.mutationtest.engine.gregor.mutators.NegateConditionalsMutator,exec,38,KILLED,com.mozilla.pig.filter.tuple.ContainsTest.testExec1(com.mozilla.pig.filter.tuple.ContainsTest)
Contains.java,com.mozilla.pig.filter.tuple.Contains,org.pitest.mutationtest.engine.gregor.mutators.NegateConditionalsMutator,exec,40,KILLED,com.mozilla.pig.filter.tuple.ContainsTest.testExec1(com.mozilla.pig.filter.tuple.ContainsTest)
Contains.java,com.mozilla.pig.filter.tuple.Contains,org.pitest.mutationtest.engine.gregor.mutators.NegateConditionalsMutator,exec,40,SURVIVED,none
Contains.java,com.mozilla.pig.filter.tuple.Contains,org.pitest.mutationtest.engine.gregor.mutators.ReturnValsMutator,exec,32,NO_COVERAGE,none
Contains.java,com.mozilla.pig.filter.tuple.Contains,org.pitest.mutationtest.engine.gregor.mutators.ReturnValsMutator,exec,46,KILLED,com.mozilla.pig.filter.tuple.ContainsTest.testExec1(com.mozilla.pig.filter.tuple.ContainsTest)
JsonTupleMap.java,com.mozilla.pig.eval.json.JsonTupleMap,org.pitest.mutationtest.engine.gregor.mutators.NegateConditionalsMutator,convertListToTuple,40,KILLED,com.mozilla.pig.eval.json.JsonTupleMapTest.testExecNestedTuple(com.mozilla.pig.eval.json.JsonTupleMapTest)
JsonTupleMap.java,com.mozilla.pig.eval.json.JsonTupleMap,org.pitest.mutationtest.engine.gregor.mutators.ReturnValsMutator,convertListToTuple,47,KILLED,com.mozilla.pig.eval.json.JsonTupleMapTest.testExecNestedTuple(com.mozilla.pig.eval.json.JsonTupleMapTest)
JsonTupleMap.java,com.mozilla.pig.eval.json.JsonTupleMap,org.pitest.mutationtest.engine.gregor.mutators.VoidMethodCallMutator,convertListToTuple,41,KILLED,com.mozilla.pig.eval.json.JsonTupleMapTest.testExecNestedTuple(com.mozilla.pig.eval.json.JsonTupleMapTest)
JsonTupleMap.java,com.mozilla.pig.eval.json.JsonTupleMap,org.pitest.mutationtest.engine.gregor.mutators.VoidMethodCallMutator,convertListToTuple,43,KILLED,com.mozilla.pig.eval.json.JsonTupleMapTest.testExecNestedTuple(com.mozilla.pig.eval.json.JsonTupleMapTest)
JsonTupleMap.java,com.mozilla.pig.eval.json.JsonTupleMap,org.pitest.mutationtest.engine.gregor.mutators.NegateConditionalsMutator,makeSafe,62,KILLED,com.mozilla.pig.eval.json.JsonTupleMapTest.testExecNestedTuple(com.mozilla.pig.eval.json.JsonTupleMapTest)
JsonTupleMap.java,com.mozilla.pig.eval.json.JsonTupleMap,org.pitest.mutationtest.engine.gregor.mutators.NegateConditionalsMutator,makeSafe,62,KILLED,com.mozilla.pig.eval.json.JsonTupleMapTest.testExecNestedTuple(com.mozilla.pig.eval.json.JsonTupleMapTest)
JsonTupleMap.java,com.mozilla.pig.eval.json.JsonTupleMap,org.pitest.mutationtest.engine.gregor.mutators.NegateConditionalsMutator,makeSafe,67,SURVIVED,none
JsonTupleMap.java,com.mozilla.pig.eval.json.JsonTupleMap,org.pitest.mutationtest.engine.gregor.mutators.NegateConditionalsMutator,makeSafe,67,SURVIVED,none
JsonTupleMap.java,com.mozilla.pig.eval.json.JsonTupleMap,org.pitest.mutationtest.engine.gregor.mutators.ReturnValsMutator,makeSafe,74,KILLED,com.mozilla.pig.eval.json.JsonTupleMapTest.testExecNestedTuple(com.mozilla.pig.eval.json.JsonTupleMapTest)
Pair.java,com.mozilla.util.Pair,org.pitest.mutationtest.engine.gregor.mutators.NegateConditionalsMutator,compareTo,75,NO_COVERAGE,none
Pair.java,com.mozilla.util.Pair,org.pitest.mutationtest.engine.gregor.mutators.NegateConditionalsMutator,compareTo,80,NO_COVERAGE,none
Pair.java,com.mozilla.util.Pair,org.pitest.mutationtest.engine.gregor.mutators.ReturnValsMutator,compareTo,75,NO_COVERAGE,none
Pair.java,com.mozilla.util.Pair,org.pitest.mutationtest.engine.gregor.mutators.ReturnValsMutator,compareTo,80,NO_COVERAGE,none
Pair.java,com.mozilla.util.Pair,org.pitest.mutationtest.engine.gregor.mutators.ReturnValsMutator,compareTo,86,NO_COVERAGE,none
Pair.java,com.mozilla.util.Pair,org.pitest.mutationtest.engine.gregor.mutators.ReturnValsMutator,equals,92,NO_COVERAGE,none
Pair.java,com.mozilla.util.Pair,org.pitest.mutationtest.engine.gregor.mutators.ReturnValsMutator,getFirst,46,KILLED,com.mozilla.util.MultiScanTableMapReduceUtilTest.testMultiScanHexPrefix(com.mozilla.util.MultiScanTableMapReduceUtilTest)
Pair.java,com.mozilla.util.Pair,org.pitest.mutationtest.engine.gregor.mutators.ReturnValsMutator,getSecond,60,KILLED,com.mozilla.util.MultiScanTableMapReduceUtilTest.testMultiScanHexPrefix(com.mozilla.util.MultiScanTableMapReduceUtilTest)
Pair.java,com.mozilla.util.Pair,org.pitest.mutationtest.engine.gregor.mutators.ReturnValsMutator,toString,96,NO_COVERAGE,none
FindAll.java,com.mozilla.pig.eval.regex.FindAll,org.pitest.mutationtest.engine.gregor.mutators.NegateConditionalsMutator,exec,41,NO_COVERAGE,none
FindAll.java,com.mozilla.pig.eval.regex.FindAll,org.pitest.mutationtest.engine.gregor.mutators.NegateConditionalsMutator,exec,41,NO_COVERAGE,none
FindAll.java,com.mozilla.pig.eval.regex.FindAll,org.pitest.mutationtest.engine.gregor.mutators.NegateConditionalsMutator,exec,46,NO_COVERAGE,none
FindAll.java,com.mozilla.pig.eval.regex.FindAll,org.pitest.mutationtest.engine.gregor.mutators.NegateConditionalsMutator,exec,54,NO_COVERAGE,none
FindAll.java,com.mozilla.pig.eval.regex.FindAll,org.pitest.mutationtest.engine.gregor.mutators.ReturnValsMutator,exec,42,NO_COVERAGE,none
FindAll.java,com.mozilla.pig.eval.regex.FindAll,org.pitest.mutationtest.engine.gregor.mutators.ReturnValsMutator,exec,47,NO_COVERAGE,none
FindAll.java,com.mozilla.pig.eval.regex.FindAll,org.pitest.mutationtest.engine.gregor.mutators.ReturnValsMutator,exec,58,NO_COVERAGE,none
FindAll.java,com.mozilla.pig.eval.regex.FindAll,org.pitest.mutationtest.engine.gregor.mutators.VoidMethodCallMutator,exec,52,NO_COVERAGE,none
FindAll.java,com.mozilla.pig.eval.regex.FindAll,org.pitest.mutationtest.engine.gregor.mutators.VoidMethodCallMutator,exec,55,NO_COVERAGE,none
MapToJson.java,com.mozilla.pig.eval.json.MapToJson,org.pitest.mutationtest.engine.gregor.mutators.NegateConditionalsMutator,exec,40,KILLED,com.mozilla.pig.eval.json.MapToJsonTest.testExec3(com.mozilla.pig.eval.json.MapToJsonTest)
MapToJson.java,com.mozilla.pig.eval.json.MapToJson,org.pitest.mutationtest.engine.gregor.mutators.NegateConditionalsMutator,exec,40,KILLED,com.mozilla.pig.eval.json.MapToJsonTest.testExec3(com.mozilla.pig.eval.json.MapToJsonTest)
MapToJson.java,com.mozilla.pig.eval.json.MapToJson,org.pitest.mutationtest.engine.gregor.mutators.ReturnValsMutator,exec,41,NO_COVERAGE,none
MapToJson.java,com.mozilla.pig.eval.json.MapToJson,org.pitest.mutationtest.engine.gregor.mutators.ReturnValsMutator,exec,46,KILLED,com.mozilla.pig.eval.json.MapToJsonTest.testExec3(com.mozilla.pig.eval.json.MapToJsonTest)
MapToJson.java,com.mozilla.pig.eval.json.MapToJson,org.pitest.mutationtest.engine.gregor.mutators.ReturnValsMutator,exec,53,NO_COVERAGE,none
MapToJson.java,com.mozilla.pig.eval.json.MapToJson,org.pitest.mutationtest.engine.gregor.mutators.VoidMethodCallMutator,exec,48,NO_COVERAGE,none
MapToJson.java,com.mozilla.pig.eval.json.MapToJson,org.pitest.mutationtest.engine.gregor.mutators.VoidMethodCallMutator,exec,50,NO_COVERAGE,none
FindOrReturn.java,com.mozilla.pig.eval.regex.FindOrReturn,org.pitest.mutationtest.engine.gregor.mutators.NegateConditionalsMutator,exec,38,NO_COVERAGE,none
FindOrReturn.java,com.mozilla.pig.eval.regex.FindOrReturn,org.pitest.mutationtest.engine.gregor.mutators.NegateConditionalsMutator,exec,38,NO_COVERAGE,none
FindOrReturn.java,com.mozilla.pig.eval.regex.FindOrReturn,org.pitest.mutationtest.engine.gregor.mutators.NegateConditionalsMutator,exec,38,NO_COVERAGE,none
FindOrReturn.java,com.mozilla.pig.eval.regex.FindOrReturn,org.pitest.mutationtest.engine.gregor.mutators.NegateConditionalsMutator,exec,44,NO_COVERAGE,none
FindOrReturn.java,com.mozilla.pig.eval.regex.FindOrReturn,org.pitest.mutationtest.engine.gregor.mutators.ReturnValsMutator,exec,39,NO_COVERAGE,none
FindOrReturn.java,com.mozilla.pig.eval.regex.FindOrReturn,org.pitest.mutationtest.engine.gregor.mutators.ReturnValsMutator,exec,44,NO_COVERAGE,none
Find.java,com.mozilla.pig.eval.regex.Find,org.pitest.mutationtest.engine.gregor.mutators.NegateConditionalsMutator,exec,38,NO_COVERAGE,none
Find.java,com.mozilla.pig.eval.regex.Find,org.pitest.mutationtest.engine.gregor.mutators.NegateConditionalsMutator,exec,38,NO_COVERAGE,none
Find.java,com.mozilla.pig.eval.regex.Find,org.pitest.mutationtest.engine.gregor.mutators.NegateConditionalsMutator,exec,38,NO_COVERAGE,none
Find.java,com.mozilla.pig.eval.regex.Find,org.pitest.mutationtest.engine.gregor.mutators.NegateConditionalsMutator,exec,43,NO_COVERAGE,none
Find.java,com.mozilla.pig.eval.regex.Find,org.pitest.mutationtest.engine.gregor.mutators.ReturnValsMutator,exec,39,NO_COVERAGE,none
Find.java,com.mozilla.pig.eval.regex.Find,org.pitest.mutationtest.engine.gregor.mutators.ReturnValsMutator,exec,43,NO_COVERAGE,none
FormatDate.java,com.mozilla.pig.eval.date.FormatDate,org.pitest.mutationtest.engine.gregor.mutators.NegateConditionalsMutator,exec,41,KILLED,com.mozilla.pig.eval.date.FormatDateTest.testExec3(com.mozilla.pig.eval.date.FormatDateTest)
FormatDate.java,com.mozilla.pig.eval.date.FormatDate,org.pitest.mutationtest.engine.gregor.mutators.NegateConditionalsMutator,exec,41,KILLED,com.mozilla.pig.eval.date.FormatDateTest.testExec2(com.mozilla.pig.eval.date.FormatDateTest)
FormatDate.java,com.mozilla.pig.eval.date.FormatDate,org.pitest.mutationtest.engine.gregor.mutators.NegateConditionalsMutator,exec,41,KILLED,com.mozilla.pig.eval.date.FormatDateTest.testExec3(com.mozilla.pig.eval.date.FormatDateTest)
FormatDate.java,com.mozilla.pig.eval.date.FormatDate,org.pitest.mutationtest.engine.gregor.mutators.ReturnValsMutator,exec,42,KILLED,com.mozilla.pig.eval.date.FormatDateTest.testExec2(com.mozilla.pig.eval.date.FormatDateTest)
FormatDate.java,com.mozilla.pig.eval.date.FormatDate,org.pitest.mutationtest.engine.gregor.mutators.ReturnValsMutator,exec,47,KILLED,com.mozilla.pig.eval.date.FormatDateTest.testExec3(com.mozilla.pig.eval.date.FormatDateTest)
FormatDate.java,com.mozilla.pig.eval.date.FormatDate,org.pitest.mutationtest.engine.gregor.mutators.VoidMethodCallMutator,exec,45,KILLED,com.mozilla.pig.eval.date.FormatDateTest.testExec3(com.mozilla.pig.eval.date.FormatDateTest)
ConvertDateFormat.java,com.mozilla.pig.eval.date.ConvertDateFormat,org.pitest.mutationtest.engine.gregor.mutators.NegateConditionalsMutator,exec,45,KILLED,com.mozilla.pig.eval.date.ConvertDateFormatTest.testExec3(com.mozilla.pig.eval.date.ConvertDateFormatTest)
ConvertDateFormat.java,com.mozilla.pig.eval.date.ConvertDateFormat,org.pitest.mutationtest.engine.gregor.mutators.NegateConditionalsMutator,exec,45,KILLED,com.mozilla.pig.eval.date.ConvertDateFormatTest.testExec3(com.mozilla.pig.eval.date.ConvertDateFormatTest)
ConvertDateFormat.java,com.mozilla.pig.eval.date.ConvertDateFormat,org.pitest.mutationtest.engine.gregor.mutators.ReturnValsMutator,exec,46,KILLED,com.mozilla.pig.eval.date.ConvertDateFormatTest.testExec2(com.mozilla.pig.eval.date.ConvertDateFormatTest)
ConvertDateFormat.java,com.mozilla.pig.eval.date.ConvertDateFormat,org.pitest.mutationtest.engine.gregor.mutators.ReturnValsMutator,exec,57,KILLED,com.mozilla.pig.eval.date.ConvertDateFormatTest.testExec3(com.mozilla.pig.eval.date.ConvertDateFormatTest)
ConvertDateFormat.java,com.mozilla.pig.eval.date.ConvertDateFormat,org.pitest.mutationtest.engine.gregor.mutators.VoidMethodCallMutator,exec,54,NO_COVERAGE,none
ParseDate.java,com.mozilla.pig.eval.date.ParseDate,org.pitest.mutationtest.engine.gregor.mutators.NegateConditionalsMutator,exec,43,KILLED,com.mozilla.pig.eval.date.ParseDateTest.testExec1(com.mozilla.pig.eval.date.ParseDateTest)
ParseDate.java,com.mozilla.pig.eval.date.ParseDate,org.pitest.mutationtest.engine.gregor.mutators.NegateConditionalsMutator,exec,43,KILLED,com.mozilla.pig.eval.date.ParseDateTest.testExec2(com.mozilla.pig.eval.date.ParseDateTest)
ParseDate.java,com.mozilla.pig.eval.date.ParseDate,org.pitest.mutationtest.engine.gregor.mutators.ReturnValsMutator,exec,44,KILLED,com.mozilla.pig.eval.date.ParseDateTest.testExec1(com.mozilla.pig.eval.date.ParseDateTest)
ParseDate.java,com.mozilla.pig.eval.date.ParseDate,org.pitest.mutationtest.engine.gregor.mutators.ReturnValsMutator,exec,55,KILLED,com.mozilla.pig.eval.date.ParseDateTest.testExec3(com.mozilla.pig.eval.date.ParseDateTest)
ParseDate.java,com.mozilla.pig.eval.date.ParseDate,org.pitest.mutationtest.engine.gregor.mutators.VoidMethodCallMutator,exec,52,NO_COVERAGE,none
EncodeChromeUrl.java,com.mozilla.pig.eval.regex.EncodeChromeUrl,org.pitest.mutationtest.engine.gregor.mutators.NegateConditionalsMutator,exec,39,KILLED,com.mozilla.pig.eval.regex.EncodeChromeUrlTest.testExec1(com.mozilla.pig.eval.regex.EncodeChromeUrlTest)
EncodeChromeUrl.java,com.mozilla.pig.eval.regex.EncodeChromeUrl,org.pitest.mutationtest.engine.gregor.mutators.NegateConditionalsMutator,exec,39,KILLED,com.mozilla.pig.eval.regex.EncodeChromeUrlTest.testExec2(com.mozilla.pig.eval.regex.EncodeChromeUrlTest)
EncodeChromeUrl.java,com.mozilla.pig.eval.regex.EncodeChromeUrl,org.pitest.mutationtest.engine.gregor.mutators.ReturnValsMutator,exec,40,KILLED,com.mozilla.pig.eval.regex.EncodeChromeUrlTest.testExec1(com.mozilla.pig.eval.regex.EncodeChromeUrlTest)
EncodeChromeUrl.java,com.mozilla.pig.eval.regex.EncodeChromeUrl,org.pitest.mutationtest.engine.gregor.mutators.ReturnValsMutator,exec,46,KILLED,com.mozilla.pig.eval.regex.EncodeChromeUrlTest.testExec3(com.mozilla.pig.eval.regex.EncodeChromeUrlTest)
TextUtil.java,com.mozilla.util.TextUtil,org.pitest.mutationtest.engine.gregor.mutators.NegateConditionalsMutator,normalize,11,NO_COVERAGE,none
TextUtil.java,com.mozilla.util.TextUtil,org.pitest.mutationtest.engine.gregor.mutators.ReturnValsMutator,normalize,15,NO_COVERAGE,none
TextUtil.java,com.mozilla.util.TextUtil,org.pitest.mutationtest.engine.gregor.mutators.ReturnValsMutator,tokenize,19,NO_COVERAGE,none
