SolarEventCalculator.java,com.luckycatlabs.sunrisesunset.calculator.SolarEventCalculator,org.pitest.mutationtest.engine.gregor.mutators.ConditionalsBoundaryMutator,adjustForDST,287,SURVIVED,none
SolarEventCalculator.java,com.luckycatlabs.sunrisesunset.calculator.SolarEventCalculator,org.pitest.mutationtest.engine.gregor.mutators.NegateConditionalsMutator,adjustForDST,284,KILLED,com.luckycatlabs.sunrisesunset.calculator.SolarEventCalculatorTest.testComputeSunriseTime(com.luckycatlabs.sunrisesunset.calculator.SolarEventCalculatorTest)
SolarEventCalculator.java,com.luckycatlabs.sunrisesunset.calculator.SolarEventCalculator,org.pitest.mutationtest.engine.gregor.mutators.NegateConditionalsMutator,adjustForDST,287,KILLED,com.luckycatlabs.sunrisesunset.SunriseSunsetCalculatorTest.testSpecificDateLocationAndTimezone(com.luckycatlabs.sunrisesunset.SunriseSunsetCalculatorTest)
SolarEventCalculator.java,com.luckycatlabs.sunrisesunset.calculator.SolarEventCalculator,org.pitest.mutationtest.engine.gregor.mutators.RORex.ZeroComparisonMutator,adjustForDST,284,KILLED,com.luckycatlabs.sunrisesunset.SunriseSunsetCalculatorTest.testNonIntegerTimezoneOffset(com.luckycatlabs.sunrisesunset.SunriseSunsetCalculatorTest)
SolarEventCalculator.java,com.luckycatlabs.sunrisesunset.calculator.SolarEventCalculator,org.pitest.mutationtest.engine.gregor.mutators.RORex.ZeroComparisonMutator,adjustForDST,287,KILLED,com.luckycatlabs.sunrisesunset.SunriseSunsetDataTest.com.luckycatlabs.sunrisesunset.SunriseSunsetDataTest
SolarEventCalculator.java,com.luckycatlabs.sunrisesunset.calculator.SolarEventCalculator,org.pitest.mutationtest.engine.gregor.mutators.ReturnValsMutator,adjustForDST,290,KILLED,com.luckycatlabs.sunrisesunset.calculator.SolarEventCalculatorTest.testComputeSunriseTime(com.luckycatlabs.sunrisesunset.calculator.SolarEventCalculatorTest)
SolarEventCalculator.java,com.luckycatlabs.sunrisesunset.calculator.SolarEventCalculator,org.pitest.mutationtest.engine.gregor.mutators.ConditionalsBoundaryMutator,computeSolarEventTime,123,KILLED,com.luckycatlabs.sunrisesunset.SunriseSunsetDataTest.com.luckycatlabs.sunrisesunset.SunriseSunsetDataTest
SolarEventCalculator.java,com.luckycatlabs.sunrisesunset.calculator.SolarEventCalculator,org.pitest.mutationtest.engine.gregor.mutators.ConditionalsBoundaryMutator,computeSolarEventTime,123,SURVIVED,none
SolarEventCalculator.java,com.luckycatlabs.sunrisesunset.calculator.SolarEventCalculator,org.pitest.mutationtest.engine.gregor.mutators.NegateConditionalsMutator,computeSolarEventTime,123,KILLED,com.luckycatlabs.sunrisesunset.calculator.SolarEventCalculatorTest.testComputeSunriseTime(com.luckycatlabs.sunrisesunset.calculator.SolarEventCalculatorTest)
SolarEventCalculator.java,com.luckycatlabs.sunrisesunset.calculator.SolarEventCalculator,org.pitest.mutationtest.engine.gregor.mutators.NegateConditionalsMutator,computeSolarEventTime,123,KILLED,com.luckycatlabs.sunrisesunset.calculator.SolarEventCalculatorTest.testComputeSunriseTime(com.luckycatlabs.sunrisesunset.calculator.SolarEventCalculatorTest)
SolarEventCalculator.java,com.luckycatlabs.sunrisesunset.calculator.SolarEventCalculator,org.pitest.mutationtest.engine.gregor.mutators.RORex.ZeroComparisonMutator,computeSolarEventTime,123,KILLED,com.luckycatlabs.sunrisesunset.calculator.SolarEventCalculatorTest.testComputeSunriseTime(com.luckycatlabs.sunrisesunset.calculator.SolarEventCalculatorTest)
SolarEventCalculator.java,com.luckycatlabs.sunrisesunset.calculator.SolarEventCalculator,org.pitest.mutationtest.engine.gregor.mutators.RORex.ZeroComparisonMutator,computeSolarEventTime,123,SURVIVED,none
SolarEventCalculator.java,com.luckycatlabs.sunrisesunset.calculator.SolarEventCalculator,org.pitest.mutationtest.engine.gregor.mutators.ReturnValsMutator,computeSolarEventTime,124,KILLED,com.luckycatlabs.sunrisesunset.SunriseSunsetDataTest.com.luckycatlabs.sunrisesunset.SunriseSunsetDataTest
SolarEventCalculator.java,com.luckycatlabs.sunrisesunset.calculator.SolarEventCalculator,org.pitest.mutationtest.engine.gregor.mutators.ReturnValsMutator,computeSolarEventTime,130,KILLED,com.luckycatlabs.sunrisesunset.calculator.SolarEventCalculatorTest.testComputeSunriseTime(com.luckycatlabs.sunrisesunset.calculator.SolarEventCalculatorTest)
SolarEventCalculator.java,com.luckycatlabs.sunrisesunset.calculator.SolarEventCalculator,org.pitest.mutationtest.engine.gregor.mutators.VoidMethodCallMutator,computeSolarEventTime,117,KILLED,com.luckycatlabs.sunrisesunset.SunriseSunsetCalculatorTest.testNonIntegerTimezoneOffset(com.luckycatlabs.sunrisesunset.SunriseSunsetCalculatorTest)
SolarEventCalculator.java,com.luckycatlabs.sunrisesunset.calculator.SolarEventCalculator,org.pitest.mutationtest.engine.gregor.mutators.ReturnValsMutator,computeSunriseCalendar,86,KILLED,com.luckycatlabs.sunrisesunset.SunriseSunsetCalculatorTest.testSpecificDateLocationAndTimezone(com.luckycatlabs.sunrisesunset.SunriseSunsetCalculatorTest)
SolarEventCalculator.java,com.luckycatlabs.sunrisesunset.calculator.SolarEventCalculator,org.pitest.mutationtest.engine.gregor.mutators.ReturnValsMutator,computeSunriseTime,73,KILLED,com.luckycatlabs.sunrisesunset.calculator.SolarEventCalculatorTest.testComputeSunriseTime(com.luckycatlabs.sunrisesunset.calculator.SolarEventCalculatorTest)
SolarEventCalculator.java,com.luckycatlabs.sunrisesunset.calculator.SolarEventCalculator,org.pitest.mutationtest.engine.gregor.mutators.ReturnValsMutator,computeSunsetCalendar,113,NO_COVERAGE,none
SolarEventCalculator.java,com.luckycatlabs.sunrisesunset.calculator.SolarEventCalculator,org.pitest.mutationtest.engine.gregor.mutators.ReturnValsMutator,computeSunsetTime,100,KILLED,com.luckycatlabs.sunrisesunset.calculator.SolarEventCalculatorTest.testComputeSunsetTime(com.luckycatlabs.sunrisesunset.calculator.SolarEventCalculatorTest)
SolarEventCalculator.java,com.luckycatlabs.sunrisesunset.calculator.SolarEventCalculator,org.pitest.mutationtest.engine.gregor.mutators.ReturnValsMutator,convertDegreesToRadians,392,KILLED,com.luckycatlabs.sunrisesunset.calculator.SolarEventCalculatorTest.testComputeSunriseTime(com.luckycatlabs.sunrisesunset.calculator.SolarEventCalculatorTest)
SolarEventCalculator.java,com.luckycatlabs.sunrisesunset.calculator.SolarEventCalculator,org.pitest.mutationtest.engine.gregor.mutators.ReturnValsMutator,convertRadiansToDegrees,388,KILLED,com.luckycatlabs.sunrisesunset.calculator.SolarEventCalculatorTest.testComputeSunriseTime(com.luckycatlabs.sunrisesunset.calculator.SolarEventCalculatorTest)
SolarEventCalculator.java,com.luckycatlabs.sunrisesunset.calculator.SolarEventCalculator,org.pitest.mutationtest.engine.gregor.mutators.ReturnValsMutator,divideBy,400,KILLED,com.luckycatlabs.sunrisesunset.calculator.SolarEventCalculatorTest.testComputeSunriseTime(com.luckycatlabs.sunrisesunset.calculator.SolarEventCalculatorTest)
SolarEventCalculator.java,com.luckycatlabs.sunrisesunset.calculator.SolarEventCalculator,org.pitest.mutationtest.engine.gregor.mutators.ReturnValsMutator,getArcCosineFor,384,KILLED,com.luckycatlabs.sunrisesunset.calculator.SolarEventCalculatorTest.testComputeSunriseTime(com.luckycatlabs.sunrisesunset.calculator.SolarEventCalculatorTest)
SolarEventCalculator.java,com.luckycatlabs.sunrisesunset.calculator.SolarEventCalculator,org.pitest.mutationtest.engine.gregor.mutators.ReturnValsMutator,getBaseLongitudeHour,140,KILLED,com.luckycatlabs.sunrisesunset.calculator.SolarEventCalculatorTest.testComputeSunriseTime(com.luckycatlabs.sunrisesunset.calculator.SolarEventCalculatorTest)
SolarEventCalculator.java,com.luckycatlabs.sunrisesunset.calculator.SolarEventCalculator,org.pitest.mutationtest.engine.gregor.mutators.ReturnValsMutator,getCosineOfSunDeclination,249,KILLED,com.luckycatlabs.sunrisesunset.calculator.SolarEventCalculatorTest.testComputeSunriseTime(com.luckycatlabs.sunrisesunset.calculator.SolarEventCalculatorTest)
SolarEventCalculator.java,com.luckycatlabs.sunrisesunset.calculator.SolarEventCalculator,org.pitest.mutationtest.engine.gregor.mutators.ReturnValsMutator,getCosineSunLocalHour,237,KILLED,com.luckycatlabs.sunrisesunset.calculator.SolarEventCalculatorTest.testComputeSunriseTime(com.luckycatlabs.sunrisesunset.calculator.SolarEventCalculatorTest)
SolarEventCalculator.java,com.luckycatlabs.sunrisesunset.calculator.SolarEventCalculator,org.pitest.mutationtest.engine.gregor.mutators.ReturnValsMutator,getDayOfYear,373,KILLED,com.luckycatlabs.sunrisesunset.calculator.SolarEventCalculatorTest.testComputeSunriseTime(com.luckycatlabs.sunrisesunset.calculator.SolarEventCalculatorTest)
SolarEventCalculator.java,com.luckycatlabs.sunrisesunset.calculator.SolarEventCalculator,org.pitest.mutationtest.engine.gregor.mutators.ConditionalsBoundaryMutator,getLocalMeanTime,267,SURVIVED,none
SolarEventCalculator.java,com.luckycatlabs.sunrisesunset.calculator.SolarEventCalculator,org.pitest.mutationtest.engine.gregor.mutators.ConditionalsBoundaryMutator,getLocalMeanTime,269,SURVIVED,none
SolarEventCalculator.java,com.luckycatlabs.sunrisesunset.calculator.SolarEventCalculator,org.pitest.mutationtest.engine.gregor.mutators.NegateConditionalsMutator,getLocalMeanTime,267,KILLED,com.luckycatlabs.sunrisesunset.SunriseSunsetCalculatorTest.testNonIntegerTimezoneOffset(com.luckycatlabs.sunrisesunset.SunriseSunsetCalculatorTest)
SolarEventCalculator.java,com.luckycatlabs.sunrisesunset.calculator.SolarEventCalculator,org.pitest.mutationtest.engine.gregor.mutators.NegateConditionalsMutator,getLocalMeanTime,269,KILLED,com.luckycatlabs.sunrisesunset.SunriseSunsetCalculatorTest.testSpecificDateLocationAndTimezone(com.luckycatlabs.sunrisesunset.SunriseSunsetCalculatorTest)
SolarEventCalculator.java,com.luckycatlabs.sunrisesunset.calculator.SolarEventCalculator,org.pitest.mutationtest.engine.gregor.mutators.RORex.ZeroComparisonMutator,getLocalMeanTime,267,SURVIVED,none
SolarEventCalculator.java,com.luckycatlabs.sunrisesunset.calculator.SolarEventCalculator,org.pitest.mutationtest.engine.gregor.mutators.RORex.ZeroComparisonMutator,getLocalMeanTime,269,SURVIVED,none
SolarEventCalculator.java,com.luckycatlabs.sunrisesunset.calculator.SolarEventCalculator,org.pitest.mutationtest.engine.gregor.mutators.ReturnValsMutator,getLocalMeanTime,272,KILLED,com.luckycatlabs.sunrisesunset.calculator.SolarEventCalculatorTest.testComputeSunriseTime(com.luckycatlabs.sunrisesunset.calculator.SolarEventCalculatorTest)
SolarEventCalculator.java,com.luckycatlabs.sunrisesunset.calculator.SolarEventCalculator,org.pitest.mutationtest.engine.gregor.mutators.ReturnValsMutator,getLocalTime,279,KILLED,com.luckycatlabs.sunrisesunset.calculator.SolarEventCalculatorTest.testComputeSunriseTime(com.luckycatlabs.sunrisesunset.calculator.SolarEventCalculatorTest)
SolarEventCalculator.java,com.luckycatlabs.sunrisesunset.calculator.SolarEventCalculator,org.pitest.mutationtest.engine.gregor.mutators.IncrementsMutator,getLocalTimeAsCalendar,354,NO_COVERAGE,none
SolarEventCalculator.java,com.luckycatlabs.sunrisesunset.calculator.SolarEventCalculator,org.pitest.mutationtest.engine.gregor.mutators.NegateConditionalsMutator,getLocalTimeAsCalendar,335,KILLED,com.luckycatlabs.sunrisesunset.calculator.SolarEventCalculatorTest.testGetLocalTimeAsCalendar(com.luckycatlabs.sunrisesunset.calculator.SolarEventCalculatorTest)
SolarEventCalculator.java,com.luckycatlabs.sunrisesunset.calculator.SolarEventCalculator,org.pitest.mutationtest.engine.gregor.mutators.NegateConditionalsMutator,getLocalTimeAsCalendar,343,KILLED,com.luckycatlabs.sunrisesunset.SunriseSunsetCalculatorTest.testSpecificDateLocationAndTimezone(com.luckycatlabs.sunrisesunset.SunriseSunsetCalculatorTest)
SolarEventCalculator.java,com.luckycatlabs.sunrisesunset.calculator.SolarEventCalculator,org.pitest.mutationtest.engine.gregor.mutators.NegateConditionalsMutator,getLocalTimeAsCalendar,352,KILLED,com.luckycatlabs.sunrisesunset.calculator.SolarEventCalculatorTest.testGetLocalTimeAsCalendar(com.luckycatlabs.sunrisesunset.calculator.SolarEventCalculatorTest)
SolarEventCalculator.java,com.luckycatlabs.sunrisesunset.calculator.SolarEventCalculator,org.pitest.mutationtest.engine.gregor.mutators.NegateConditionalsMutator,getLocalTimeAsCalendar,356,KILLED,com.luckycatlabs.sunrisesunset.calculator.SolarEventCalculatorTest.testGetLocalTimeAsCalendar(com.luckycatlabs.sunrisesunset.calculator.SolarEventCalculatorTest)
SolarEventCalculator.java,com.luckycatlabs.sunrisesunset.calculator.SolarEventCalculator,org.pitest.mutationtest.engine.gregor.mutators.RORex.IntegersComparisonMutator,getLocalTimeAsCalendar,343,SURVIVED,none
SolarEventCalculator.java,com.luckycatlabs.sunrisesunset.calculator.SolarEventCalculator,org.pitest.mutationtest.engine.gregor.mutators.RORex.IntegersComparisonMutator,getLocalTimeAsCalendar,352,SURVIVED,none
SolarEventCalculator.java,com.luckycatlabs.sunrisesunset.calculator.SolarEventCalculator,org.pitest.mutationtest.engine.gregor.mutators.RORex.IntegersComparisonMutator,getLocalTimeAsCalendar,356,SURVIVED,none
SolarEventCalculator.java,com.luckycatlabs.sunrisesunset.calculator.SolarEventCalculator,org.pitest.mutationtest.engine.gregor.mutators.ReturnValsMutator,getLocalTimeAsCalendar,336,NO_COVERAGE,none
SolarEventCalculator.java,com.luckycatlabs.sunrisesunset.calculator.SolarEventCalculator,org.pitest.mutationtest.engine.gregor.mutators.ReturnValsMutator,getLocalTimeAsCalendar,367,KILLED,com.luckycatlabs.sunrisesunset.calculator.SolarEventCalculatorTest.testGetLocalTimeAsCalendar(com.luckycatlabs.sunrisesunset.calculator.SolarEventCalculatorTest)
SolarEventCalculator.java,com.luckycatlabs.sunrisesunset.calculator.SolarEventCalculator,org.pitest.mutationtest.engine.gregor.mutators.VoidMethodCallMutator,getLocalTimeAsCalendar,345,KILLED,com.luckycatlabs.sunrisesunset.SunriseSunsetCalculatorTest.testSpecificDateLocationAndTimezone(com.luckycatlabs.sunrisesunset.SunriseSunsetCalculatorTest)
SolarEventCalculator.java,com.luckycatlabs.sunrisesunset.calculator.SolarEventCalculator,org.pitest.mutationtest.engine.gregor.mutators.VoidMethodCallMutator,getLocalTimeAsCalendar,361,KILLED,com.luckycatlabs.sunrisesunset.calculator.SolarEventCalculatorTest.testGetLocalTimeAsCalendar(com.luckycatlabs.sunrisesunset.calculator.SolarEventCalculatorTest)
SolarEventCalculator.java,com.luckycatlabs.sunrisesunset.calculator.SolarEventCalculator,org.pitest.mutationtest.engine.gregor.mutators.VoidMethodCallMutator,getLocalTimeAsCalendar,362,KILLED,com.luckycatlabs.sunrisesunset.calculator.SolarEventCalculatorTest.testGetLocalTimeAsCalendar(com.luckycatlabs.sunrisesunset.calculator.SolarEventCalculatorTest)
SolarEventCalculator.java,com.luckycatlabs.sunrisesunset.calculator.SolarEventCalculator,org.pitest.mutationtest.engine.gregor.mutators.VoidMethodCallMutator,getLocalTimeAsCalendar,363,SURVIVED,none
SolarEventCalculator.java,com.luckycatlabs.sunrisesunset.calculator.SolarEventCalculator,org.pitest.mutationtest.engine.gregor.mutators.VoidMethodCallMutator,getLocalTimeAsCalendar,364,SURVIVED,none
SolarEventCalculator.java,com.luckycatlabs.sunrisesunset.calculator.SolarEventCalculator,org.pitest.mutationtest.engine.gregor.mutators.VoidMethodCallMutator,getLocalTimeAsCalendar,365,SURVIVED,none
SolarEventCalculator.java,com.luckycatlabs.sunrisesunset.calculator.SolarEventCalculator,org.pitest.mutationtest.engine.gregor.mutators.ConditionalsBoundaryMutator,getLocalTimeAsString,322,SURVIVED,none
SolarEventCalculator.java,com.luckycatlabs.sunrisesunset.calculator.SolarEventCalculator,org.pitest.mutationtest.engine.gregor.mutators.ConditionalsBoundaryMutator,getLocalTimeAsString,323,SURVIVED,none
SolarEventCalculator.java,com.luckycatlabs.sunrisesunset.calculator.SolarEventCalculator,org.pitest.mutationtest.engine.gregor.mutators.IncrementsMutator,getLocalTimeAsString,316,KILLED,com.luckycatlabs.sunrisesunset.SunriseSunsetCalculatorTest.testComputeOfficialSunset(com.luckycatlabs.sunrisesunset.SunriseSunsetCalculatorTest)
SolarEventCalculator.java,com.luckycatlabs.sunrisesunset.calculator.SolarEventCalculator,org.pitest.mutationtest.engine.gregor.mutators.NegateConditionalsMutator,getLocalTimeAsString,301,KILLED,com.luckycatlabs.sunrisesunset.calculator.SolarEventCalculatorTest.testComputeSunriseTime(com.luckycatlabs.sunrisesunset.calculator.SolarEventCalculatorTest)
SolarEventCalculator.java,com.luckycatlabs.sunrisesunset.calculator.SolarEventCalculator,org.pitest.mutationtest.engine.gregor.mutators.NegateConditionalsMutator,getLocalTimeAsString,306,KILLED,com.luckycatlabs.sunrisesunset.calculator.SolarEventCalculatorTest.testComputeSunriseTime(com.luckycatlabs.sunrisesunset.calculator.SolarEventCalculatorTest)
SolarEventCalculator.java,com.luckycatlabs.sunrisesunset.calculator.SolarEventCalculator,org.pitest.mutationtest.engine.gregor.mutators.NegateConditionalsMutator,getLocalTimeAsString,314,KILLED,com.luckycatlabs.sunrisesunset.calculator.SolarEventCalculatorTest.testComputeSunriseTime(com.luckycatlabs.sunrisesunset.calculator.SolarEventCalculatorTest)
SolarEventCalculator.java,com.luckycatlabs.sunrisesunset.calculator.SolarEventCalculator,org.pitest.mutationtest.engine.gregor.mutators.NegateConditionalsMutator,getLocalTimeAsString,318,KILLED,com.luckycatlabs.sunrisesunset.calculator.SolarEventCalculatorTest.testComputeSunriseTime(com.luckycatlabs.sunrisesunset.calculator.SolarEventCalculatorTest)
SolarEventCalculator.java,com.luckycatlabs.sunrisesunset.calculator.SolarEventCalculator,org.pitest.mutationtest.engine.gregor.mutators.NegateConditionalsMutator,getLocalTimeAsString,322,KILLED,com.luckycatlabs.sunrisesunset.calculator.SolarEventCalculatorTest.testComputeSunriseTime(com.luckycatlabs.sunrisesunset.calculator.SolarEventCalculatorTest)
SolarEventCalculator.java,com.luckycatlabs.sunrisesunset.calculator.SolarEventCalculator,org.pitest.mutationtest.engine.gregor.mutators.NegateConditionalsMutator,getLocalTimeAsString,323,KILLED,com.luckycatlabs.sunrisesunset.calculator.SolarEventCalculatorTest.testComputeSunriseTime(com.luckycatlabs.sunrisesunset.calculator.SolarEventCalculatorTest)
SolarEventCalculator.java,com.luckycatlabs.sunrisesunset.calculator.SolarEventCalculator,org.pitest.mutationtest.engine.gregor.mutators.RORex.IntegersComparisonMutator,getLocalTimeAsString,306,KILLED,com.luckycatlabs.sunrisesunset.calculator.SolarEventCalculatorTest.testComputeSunriseTime(com.luckycatlabs.sunrisesunset.calculator.SolarEventCalculatorTest)
SolarEventCalculator.java,com.luckycatlabs.sunrisesunset.calculator.SolarEventCalculator,org.pitest.mutationtest.engine.gregor.mutators.RORex.IntegersComparisonMutator,getLocalTimeAsString,314,SURVIVED,none
SolarEventCalculator.java,com.luckycatlabs.sunrisesunset.calculator.SolarEventCalculator,org.pitest.mutationtest.engine.gregor.mutators.RORex.IntegersComparisonMutator,getLocalTimeAsString,318,SURVIVED,none
SolarEventCalculator.java,com.luckycatlabs.sunrisesunset.calculator.SolarEventCalculator,org.pitest.mutationtest.engine.gregor.mutators.RORex.IntegersComparisonMutator,getLocalTimeAsString,322,KILLED,com.luckycatlabs.sunrisesunset.calculator.SolarEventCalculatorTest.testComputeSunriseTime(com.luckycatlabs.sunrisesunset.calculator.SolarEventCalculatorTest)
SolarEventCalculator.java,com.luckycatlabs.sunrisesunset.calculator.SolarEventCalculator,org.pitest.mutationtest.engine.gregor.mutators.RORex.IntegersComparisonMutator,getLocalTimeAsString,323,KILLED,com.luckycatlabs.sunrisesunset.calculator.SolarEventCalculatorTest.testComputeSunriseTime(com.luckycatlabs.sunrisesunset.calculator.SolarEventCalculatorTest)
SolarEventCalculator.java,com.luckycatlabs.sunrisesunset.calculator.SolarEventCalculator,org.pitest.mutationtest.engine.gregor.mutators.ReturnValsMutator,getLocalTimeAsString,302,KILLED,com.luckycatlabs.sunrisesunset.SunriseSunsetDataTest.com.luckycatlabs.sunrisesunset.SunriseSunsetDataTest
SolarEventCalculator.java,com.luckycatlabs.sunrisesunset.calculator.SolarEventCalculator,org.pitest.mutationtest.engine.gregor.mutators.ReturnValsMutator,getLocalTimeAsString,324,KILLED,com.luckycatlabs.sunrisesunset.calculator.SolarEventCalculatorTest.testComputeSunriseTime(com.luckycatlabs.sunrisesunset.calculator.SolarEventCalculatorTest)
SolarEventCalculator.java,com.luckycatlabs.sunrisesunset.calculator.SolarEventCalculator,org.pitest.mutationtest.engine.gregor.mutators.NegateConditionalsMutator,getLongitudeHour,150,KILLED,com.luckycatlabs.sunrisesunset.calculator.SolarEventCalculatorTest.testComputeSunsetTime(com.luckycatlabs.sunrisesunset.calculator.SolarEventCalculatorTest)
SolarEventCalculator.java,com.luckycatlabs.sunrisesunset.calculator.SolarEventCalculator,org.pitest.mutationtest.engine.gregor.mutators.RORex.ZeroComparisonMutator,getLongitudeHour,150,KILLED,com.luckycatlabs.sunrisesunset.calculator.SolarEventCalculatorTest.testComputeSunsetTime(com.luckycatlabs.sunrisesunset.calculator.SolarEventCalculatorTest)
SolarEventCalculator.java,com.luckycatlabs.sunrisesunset.calculator.SolarEventCalculator,org.pitest.mutationtest.engine.gregor.mutators.ReturnValsMutator,getLongitudeHour,156,KILLED,com.luckycatlabs.sunrisesunset.calculator.SolarEventCalculatorTest.testComputeSunriseTime(com.luckycatlabs.sunrisesunset.calculator.SolarEventCalculatorTest)
SolarEventCalculator.java,com.luckycatlabs.sunrisesunset.calculator.SolarEventCalculator,org.pitest.mutationtest.engine.gregor.mutators.ReturnValsMutator,getMeanAnomaly,166,KILLED,com.luckycatlabs.sunrisesunset.calculator.SolarEventCalculatorTest.testComputeSunriseTime(com.luckycatlabs.sunrisesunset.calculator.SolarEventCalculatorTest)
SolarEventCalculator.java,com.luckycatlabs.sunrisesunset.calculator.SolarEventCalculator,org.pitest.mutationtest.engine.gregor.mutators.ConditionalsBoundaryMutator,getRightAscension,207,SURVIVED,none
SolarEventCalculator.java,com.luckycatlabs.sunrisesunset.calculator.SolarEventCalculator,org.pitest.mutationtest.engine.gregor.mutators.ConditionalsBoundaryMutator,getRightAscension,209,SURVIVED,none
SolarEventCalculator.java,com.luckycatlabs.sunrisesunset.calculator.SolarEventCalculator,org.pitest.mutationtest.engine.gregor.mutators.NegateConditionalsMutator,getRightAscension,207,SURVIVED,none
SolarEventCalculator.java,com.luckycatlabs.sunrisesunset.calculator.SolarEventCalculator,org.pitest.mutationtest.engine.gregor.mutators.NegateConditionalsMutator,getRightAscension,209,SURVIVED,none
SolarEventCalculator.java,com.luckycatlabs.sunrisesunset.calculator.SolarEventCalculator,org.pitest.mutationtest.engine.gregor.mutators.RORex.ZeroComparisonMutator,getRightAscension,207,SURVIVED,none
SolarEventCalculator.java,com.luckycatlabs.sunrisesunset.calculator.SolarEventCalculator,org.pitest.mutationtest.engine.gregor.mutators.RORex.ZeroComparisonMutator,getRightAscension,209,SURVIVED,none
SolarEventCalculator.java,com.luckycatlabs.sunrisesunset.calculator.SolarEventCalculator,org.pitest.mutationtest.engine.gregor.mutators.ReturnValsMutator,getRightAscension,221,KILLED,com.luckycatlabs.sunrisesunset.calculator.SolarEventCalculatorTest.testComputeSunriseTime(com.luckycatlabs.sunrisesunset.calculator.SolarEventCalculatorTest)
SolarEventCalculator.java,com.luckycatlabs.sunrisesunset.calculator.SolarEventCalculator,org.pitest.mutationtest.engine.gregor.mutators.ReturnValsMutator,getSinOfSunDeclination,243,KILLED,com.luckycatlabs.sunrisesunset.calculator.SolarEventCalculatorTest.testComputeSunriseTime(com.luckycatlabs.sunrisesunset.calculator.SolarEventCalculatorTest)
SolarEventCalculator.java,com.luckycatlabs.sunrisesunset.calculator.SolarEventCalculator,org.pitest.mutationtest.engine.gregor.mutators.NegateConditionalsMutator,getSunLocalHour,255,KILLED,com.luckycatlabs.sunrisesunset.calculator.SolarEventCalculatorTest.testComputeSunriseTime(com.luckycatlabs.sunrisesunset.calculator.SolarEventCalculatorTest)
SolarEventCalculator.java,com.luckycatlabs.sunrisesunset.calculator.SolarEventCalculator,org.pitest.mutationtest.engine.gregor.mutators.RORex.ZeroComparisonMutator,getSunLocalHour,255,KILLED,com.luckycatlabs.sunrisesunset.calculator.SolarEventCalculatorTest.testComputeSunsetTime(com.luckycatlabs.sunrisesunset.calculator.SolarEventCalculatorTest)
SolarEventCalculator.java,com.luckycatlabs.sunrisesunset.calculator.SolarEventCalculator,org.pitest.mutationtest.engine.gregor.mutators.ReturnValsMutator,getSunLocalHour,258,KILLED,com.luckycatlabs.sunrisesunset.calculator.SolarEventCalculatorTest.testComputeSunriseTime(com.luckycatlabs.sunrisesunset.calculator.SolarEventCalculatorTest)
SolarEventCalculator.java,com.luckycatlabs.sunrisesunset.calculator.SolarEventCalculator,org.pitest.mutationtest.engine.gregor.mutators.ConditionalsBoundaryMutator,getSunTrueLongitude,186,SURVIVED,none
SolarEventCalculator.java,com.luckycatlabs.sunrisesunset.calculator.SolarEventCalculator,org.pitest.mutationtest.engine.gregor.mutators.NegateConditionalsMutator,getSunTrueLongitude,186,SURVIVED,none
SolarEventCalculator.java,com.luckycatlabs.sunrisesunset.calculator.SolarEventCalculator,org.pitest.mutationtest.engine.gregor.mutators.RORex.ZeroComparisonMutator,getSunTrueLongitude,186,SURVIVED,none
SolarEventCalculator.java,com.luckycatlabs.sunrisesunset.calculator.SolarEventCalculator,org.pitest.mutationtest.engine.gregor.mutators.ReturnValsMutator,getSunTrueLongitude,189,KILLED,com.luckycatlabs.sunrisesunset.calculator.SolarEventCalculatorTest.testComputeSunriseTime(com.luckycatlabs.sunrisesunset.calculator.SolarEventCalculatorTest)
SolarEventCalculator.java,com.luckycatlabs.sunrisesunset.calculator.SolarEventCalculator,org.pitest.mutationtest.engine.gregor.mutators.ReturnValsMutator,getUTCOffSet,379,KILLED,com.luckycatlabs.sunrisesunset.calculator.SolarEventCalculatorTest.testComputeSunriseTime(com.luckycatlabs.sunrisesunset.calculator.SolarEventCalculatorTest)
SolarEventCalculator.java,com.luckycatlabs.sunrisesunset.calculator.SolarEventCalculator,org.pitest.mutationtest.engine.gregor.mutators.ReturnValsMutator,multiplyBy,396,KILLED,com.luckycatlabs.sunrisesunset.calculator.SolarEventCalculatorTest.testComputeSunriseTime(com.luckycatlabs.sunrisesunset.calculator.SolarEventCalculatorTest)
SolarEventCalculator.java,com.luckycatlabs.sunrisesunset.calculator.SolarEventCalculator,org.pitest.mutationtest.engine.gregor.mutators.ReturnValsMutator,setScale,404,KILLED,com.luckycatlabs.sunrisesunset.calculator.SolarEventCalculatorTest.testComputeSunriseTime(com.luckycatlabs.sunrisesunset.calculator.SolarEventCalculatorTest)
SunriseSunsetCalculator.java,com.luckycatlabs.sunrisesunset.SunriseSunsetCalculator,org.pitest.mutationtest.engine.gregor.mutators.ReturnValsMutator,getAstronomicalSunriseCalendarForDate,83,NO_COVERAGE,none
SunriseSunsetCalculator.java,com.luckycatlabs.sunrisesunset.SunriseSunsetCalculator,org.pitest.mutationtest.engine.gregor.mutators.ReturnValsMutator,getAstronomicalSunriseForDate,72,KILLED,com.luckycatlabs.sunrisesunset.SunriseSunsetCalculatorTest.testComputeAstronomicalSunrise(com.luckycatlabs.sunrisesunset.SunriseSunsetCalculatorTest)
SunriseSunsetCalculator.java,com.luckycatlabs.sunrisesunset.SunriseSunsetCalculator,org.pitest.mutationtest.engine.gregor.mutators.ReturnValsMutator,getAstronomicalSunsetCalendarForDate,105,NO_COVERAGE,none
SunriseSunsetCalculator.java,com.luckycatlabs.sunrisesunset.SunriseSunsetCalculator,org.pitest.mutationtest.engine.gregor.mutators.ReturnValsMutator,getAstronomicalSunsetForDate,94,KILLED,com.luckycatlabs.sunrisesunset.SunriseSunsetCalculatorTest.testComputeAstronomicalSunset(com.luckycatlabs.sunrisesunset.SunriseSunsetCalculatorTest)
SunriseSunsetCalculator.java,com.luckycatlabs.sunrisesunset.SunriseSunsetCalculator,org.pitest.mutationtest.engine.gregor.mutators.ReturnValsMutator,getCivilSunriseCalendarForDate,171,NO_COVERAGE,none
SunriseSunsetCalculator.java,com.luckycatlabs.sunrisesunset.SunriseSunsetCalculator,org.pitest.mutationtest.engine.gregor.mutators.ReturnValsMutator,getCivilSunriseForDate,160,KILLED,com.luckycatlabs.sunrisesunset.SunriseSunsetCalculatorTest.testComputeCivilSunrise(com.luckycatlabs.sunrisesunset.SunriseSunsetCalculatorTest)
SunriseSunsetCalculator.java,com.luckycatlabs.sunrisesunset.SunriseSunsetCalculator,org.pitest.mutationtest.engine.gregor.mutators.ReturnValsMutator,getCivilSunsetCalendarForDate,193,NO_COVERAGE,none
SunriseSunsetCalculator.java,com.luckycatlabs.sunrisesunset.SunriseSunsetCalculator,org.pitest.mutationtest.engine.gregor.mutators.ReturnValsMutator,getCivilSunsetForDate,182,KILLED,com.luckycatlabs.sunrisesunset.SunriseSunsetCalculatorTest.testComputeCivilSunset(com.luckycatlabs.sunrisesunset.SunriseSunsetCalculatorTest)
SunriseSunsetCalculator.java,com.luckycatlabs.sunrisesunset.SunriseSunsetCalculator,org.pitest.mutationtest.engine.gregor.mutators.ReturnValsMutator,getLocation,288,NO_COVERAGE,none
SunriseSunsetCalculator.java,com.luckycatlabs.sunrisesunset.SunriseSunsetCalculator,org.pitest.mutationtest.engine.gregor.mutators.ReturnValsMutator,getNauticalSunriseCalendarForDate,127,NO_COVERAGE,none
SunriseSunsetCalculator.java,com.luckycatlabs.sunrisesunset.SunriseSunsetCalculator,org.pitest.mutationtest.engine.gregor.mutators.ReturnValsMutator,getNauticalSunriseForDate,116,KILLED,com.luckycatlabs.sunrisesunset.SunriseSunsetCalculatorTest.testComputeNauticalSunrise(com.luckycatlabs.sunrisesunset.SunriseSunsetCalculatorTest)
SunriseSunsetCalculator.java,com.luckycatlabs.sunrisesunset.SunriseSunsetCalculator,org.pitest.mutationtest.engine.gregor.mutators.ReturnValsMutator,getNauticalSunsetCalendarForDate,149,NO_COVERAGE,none
SunriseSunsetCalculator.java,com.luckycatlabs.sunrisesunset.SunriseSunsetCalculator,org.pitest.mutationtest.engine.gregor.mutators.ReturnValsMutator,getNauticalSunsetForDate,138,KILLED,com.luckycatlabs.sunrisesunset.SunriseSunsetCalculatorTest.testComputeNauticalSunset(com.luckycatlabs.sunrisesunset.SunriseSunsetCalculatorTest)
SunriseSunsetCalculator.java,com.luckycatlabs.sunrisesunset.SunriseSunsetCalculator,org.pitest.mutationtest.engine.gregor.mutators.ReturnValsMutator,getOfficialSunriseCalendarForDate,215,KILLED,com.luckycatlabs.sunrisesunset.SunriseSunsetCalculatorTest.testSpecificDateLocationAndTimezone(com.luckycatlabs.sunrisesunset.SunriseSunsetCalculatorTest)
SunriseSunsetCalculator.java,com.luckycatlabs.sunrisesunset.SunriseSunsetCalculator,org.pitest.mutationtest.engine.gregor.mutators.ReturnValsMutator,getOfficialSunriseForDate,204,KILLED,com.luckycatlabs.sunrisesunset.SunriseSunsetCalculatorTest.testNonIntegerTimezoneOffset(com.luckycatlabs.sunrisesunset.SunriseSunsetCalculatorTest)
SunriseSunsetCalculator.java,com.luckycatlabs.sunrisesunset.SunriseSunsetCalculator,org.pitest.mutationtest.engine.gregor.mutators.ReturnValsMutator,getOfficialSunsetCalendarForDate,237,NO_COVERAGE,none
SunriseSunsetCalculator.java,com.luckycatlabs.sunrisesunset.SunriseSunsetCalculator,org.pitest.mutationtest.engine.gregor.mutators.ReturnValsMutator,getOfficialSunsetForDate,226,KILLED,com.luckycatlabs.sunrisesunset.SunriseSunsetCalculatorTest.testComputeOfficialSunset(com.luckycatlabs.sunrisesunset.SunriseSunsetCalculatorTest)
SunriseSunsetCalculator.java,com.luckycatlabs.sunrisesunset.SunriseSunsetCalculator,org.pitest.mutationtest.engine.gregor.mutators.AOD.FirstOperandMutator,getSunrise,258,NO_COVERAGE,none
SunriseSunsetCalculator.java,com.luckycatlabs.sunrisesunset.SunriseSunsetCalculator,org.pitest.mutationtest.engine.gregor.mutators.AOD.SecondOperandMutator,getSunrise,258,NO_COVERAGE,none
SunriseSunsetCalculator.java,com.luckycatlabs.sunrisesunset.SunriseSunsetCalculator,org.pitest.mutationtest.engine.gregor.mutators.AOR.ReplaceArithmeticWithDivMutator,getSunrise,258,NO_COVERAGE,none
SunriseSunsetCalculator.java,com.luckycatlabs.sunrisesunset.SunriseSunsetCalculator,org.pitest.mutationtest.engine.gregor.mutators.MathMutator,getSunrise,258,NO_COVERAGE,none
SunriseSunsetCalculator.java,com.luckycatlabs.sunrisesunset.SunriseSunsetCalculator,org.pitest.mutationtest.engine.gregor.mutators.ReturnValsMutator,getSunrise,258,NO_COVERAGE,none
SunriseSunsetCalculator.java,com.luckycatlabs.sunrisesunset.SunriseSunsetCalculator,org.pitest.mutationtest.engine.gregor.mutators.AOD.FirstOperandMutator,getSunset,279,NO_COVERAGE,none
SunriseSunsetCalculator.java,com.luckycatlabs.sunrisesunset.SunriseSunsetCalculator,org.pitest.mutationtest.engine.gregor.mutators.AOD.SecondOperandMutator,getSunset,279,NO_COVERAGE,none
SunriseSunsetCalculator.java,com.luckycatlabs.sunrisesunset.SunriseSunsetCalculator,org.pitest.mutationtest.engine.gregor.mutators.AOR.ReplaceArithmeticWithDivMutator,getSunset,279,NO_COVERAGE,none
SunriseSunsetCalculator.java,com.luckycatlabs.sunrisesunset.SunriseSunsetCalculator,org.pitest.mutationtest.engine.gregor.mutators.MathMutator,getSunset,279,NO_COVERAGE,none
SunriseSunsetCalculator.java,com.luckycatlabs.sunrisesunset.SunriseSunsetCalculator,org.pitest.mutationtest.engine.gregor.mutators.ReturnValsMutator,getSunset,279,NO_COVERAGE,none
Location.java,com.luckycatlabs.sunrisesunset.dto.Location,org.pitest.mutationtest.engine.gregor.mutators.ReturnValsMutator,getLatitude,58,KILLED,com.luckycatlabs.sunrisesunset.calculator.SolarEventCalculatorTest.testComputeSunriseTime(com.luckycatlabs.sunrisesunset.calculator.SolarEventCalculatorTest)
Location.java,com.luckycatlabs.sunrisesunset.dto.Location,org.pitest.mutationtest.engine.gregor.mutators.ReturnValsMutator,getLongitude,65,KILLED,com.luckycatlabs.sunrisesunset.calculator.SolarEventCalculatorTest.testComputeSunriseTime(com.luckycatlabs.sunrisesunset.calculator.SolarEventCalculatorTest)
Zenith.java,com.luckycatlabs.sunrisesunset.Zenith,org.pitest.mutationtest.engine.gregor.mutators.ReturnValsMutator,degrees,44,KILLED,com.luckycatlabs.sunrisesunset.calculator.SolarEventCalculatorTest.testComputeSunriseTime(com.luckycatlabs.sunrisesunset.calculator.SolarEventCalculatorTest)
